LocalTimestamp,EmotiBitTimestamp,PacketNumber,DataLength,TypeTag,ProtocolVersion,DataReliability,PG
1740487273.351963,3150345.000,48863,3,PG,1,100,17331
1740487273.391965,3150385.000,48881,3,PG,1,100,17333
1740487273.431967,3150425.000,48881,3,PG,1,100,17312
1740487273.471968,3150465.000,48881,3,PG,1,100,17339
1740487273.511970,3150505.000,48897,2,PG,1,100,17355
1740487273.551972,3150545.000,48897,2,PG,1,100,17363
1740487273.591973,3150585.000,48914,3,PG,1,100,17359
1740487273.631975,3150625.000,48914,3,PG,1,100,17378
1740487273.671977,3150665.000,48914,3,PG,1,100,17357
1740487273.711978,3150705.000,48930,2,PG,1,100,17349
1740487273.751980,3150745.000,48930,2,PG,1,100,17362
1740487273.791982,3150785.000,48948,3,PG,1,100,17377
1740487273.831983,3150825.000,48948,3,PG,1,100,17377
1740487273.871985,3150865.000,48948,3,PG,1,100,17369
1740487273.911986,3150905.000,48964,2,PG,1,100,17363
1740487273.951988,3150945.000,48964,2,PG,1,100,17382
1740487273.991990,3150985.000,48984,4,PG,1,100,17338
1740487274.031991,3151025.000,48984,4,PG,1,100,17320
1740487274.071993,3151065.000,48984,4,PG,1,100,17328
1740487274.111995,3151105.000,48984,4,PG,1,100,17346
1740487274.151996,3151145.000,49003,2,PG,1,100,17355
1740487274.191998,3151185.000,49003,2,PG,1,100,17373
1740487274.232000,3151225.000,49020,3,PG,1,100,17369
1740487274.272001,3151265.000,49020,3,PG,1,100,17369
1740487274.312003,3151305.000,49020,3,PG,1,100,17377
1740487274.352004,3151345.000,49036,2,PG,1,100,17382
1740487274.392006,3151385.000,49036,2,PG,1,100,17372
1740487274.432008,3151425.000,49054,3,PG,1,100,17382
1740487274.472009,3151465.000,49054,3,PG,1,100,17382
1740487274.512011,3151505.000,49054,3,PG,1,100,17387
1740487274.552013,3151545.000,49070,2,PG,1,100,17376
1740487274.592014,3151585.000,49070,2,PG,1,100,17348
1740487274.632016,3151625.000,49085,3,PG,1,100,17306
1740487274.672018,3151665.000,49085,3,PG,1,100,17307
1740487274.712019,3151705.000,49085,3,PG,1,100,17311
1740487274.752021,3151745.000,49102,2,PG,1,100,17315
1740487274.792022,3151785.000,49102,2,PG,1,100,17333
1740487274.836358,3151829.333,49121,3,PG,1,100,17337
1740487274.880693,3151873.667,49121,3,PG,1,100,17337
1740487274.925028,3151918.000,49121,3,PG,1,100,17354
1740487274.965030,3151958.000,49137,2,PG,1,100,17343
1740487275.005031,3151998.000,49137,2,PG,1,100,17332
1740487275.045033,3152038.000,49153,3,PG,1,100,17365
1740487275.085034,3152078.000,49153,3,PG,1,100,17368
1740487275.125036,3152118.000,49153,3,PG,1,100,17358
1740487275.165038,3152158.000,49169,2,PG,1,100,17360
1740487275.205039,3152198.000,49169,2,PG,1,100,17367
1740487275.245041,3152238.000,49186,3,PG,1,100,17351
1740487275.285043,3152278.000,49186,3,PG,1,100,17308
1740487275.325044,3152318.000,49186,3,PG,1,100,17270
1740487275.365046,3152358.000,49202,2,PG,1,100,17283
1740487275.405048,3152398.000,49202,2,PG,1,100,17299
1740487275.445049,3152438.000,49220,3,PG,1,100,17296
1740487275.485051,3152478.000,49220,3,PG,1,100,17306
1740487275.525052,3152518.000,49220,3,PG,1,100,17320
1740487275.565054,3152558.000,49236,2,PG,1,100,17316
1740487275.605056,3152598.000,49236,2,PG,1,100,17331
1740487275.645057,3152638.000,49253,3,PG,1,100,17341
1740487275.685059,3152678.000,49253,3,PG,1,100,17321
1740487275.725061,3152718.000,49253,3,PG,1,100,17333
1740487275.765062,3152758.000,49270,3,PG,1,100,17346
1740487275.805064,3152798.000,49270,3,PG,1,100,17337
1740487275.845066,3152838.000,49270,3,PG,1,100,17340
1740487275.885067,3152878.000,49285,2,PG,1,100,17347
1740487275.925069,3152918.000,49285,2,PG,1,100,17314
1740487275.965070,3152958.000,49301,3,PG,1,100,17260
1740487276.005072,3152998.000,49301,3,PG,1,100,17247
1740487276.045074,3153038.000,49301,3,PG,1,100,17274
1740487276.085075,3153078.000,49319,2,PG,1,100,17265
1740487276.125077,3153118.000,49319,2,PG,1,100,17290
1740487276.165079,3153158.000,49337,3,PG,1,100,17283
1740487276.205080,3153198.000,49337,3,PG,1,100,17298
1740487276.245082,3153238.000,49337,3,PG,1,100,17286
1740487276.285084,3153278.000,49353,4,PG,1,100,17298
1740487276.325085,3153318.000,49353,4,PG,1,100,17290
1740487276.365087,3153358.000,49353,4,PG,1,100,17298
1740487276.405088,3153398.000,49353,4,PG,1,100,17304
1740487276.445090,3153438.000,49370,3,PG,1,100,17310
1740487276.485092,3153478.000,49370,3,PG,1,100,17309
1740487276.525093,3153518.000,49370,3,PG,1,100,17311
1740487276.565095,3153558.000,49387,2,PG,1,100,17318
1740487276.605097,3153598.000,49387,2,PG,1,100,17321
1740487276.645098,3153638.000,49401,3,PG,1,100,17294
1740487276.685100,3153678.000,49401,3,PG,1,100,17240
1740487276.725102,3153718.000,49401,3,PG,1,100,17229
1740487276.765103,3153758.000,49419,2,PG,1,100,17243
1740487276.805105,3153798.000,49419,2,PG,1,100,17245
1740487276.845106,3153838.000,49437,3,PG,1,100,17270
1740487276.885108,3153878.000,49437,3,PG,1,100,17286
1740487276.925110,3153918.000,49437,3,PG,1,100,17284
1740487276.965111,3153958.000,49454,3,PG,1,100,17283
1740487277.005113,3153998.000,49454,3,PG,1,100,17285
1740487277.045115,3154038.000,49454,3,PG,1,100,17287
1740487277.091617,3154084.500,49469,2,PG,1,100,17285
1740487277.138118,3154131.000,49469,2,PG,1,100,17300
1740487277.178120,3154171.000,49486,2,PG,1,100,17305
1740487277.218122,3154211.000,49486,2,PG,1,100,17304
1740487277.258123,3154251.000,49502,3,PG,1,100,17312
1740487277.298125,3154291.000,49502,3,PG,1,100,17305
1740487277.338127,3154331.000,49502,3,PG,1,100,17316
1740487277.378128,3154371.000,49519,2,PG,1,100,17276
1740487277.418130,3154411.000,49519,2,PG,1,100,17280
1740487277.458132,3154451.000,49535,3,PG,1,100,17267
1740487277.498133,3154491.000,49535,3,PG,1,100,17273
1740487277.538135,3154531.000,49535,3,PG,1,100,17277
1740487277.578137,3154571.000,49553,2,PG,1,100,17291
1740487277.618138,3154611.000,49553,2,PG,1,100,17315
1740487277.658140,3154651.000,49569,3,PG,1,100,17296
1740487277.698141,3154691.000,49569,3,PG,1,100,17305
1740487277.738143,3154731.000,49569,3,PG,1,100,17311
1740487277.778145,3154771.000,49587,2,PG,1,100,17308
1740487277.818146,3154811.000,49587,2,PG,1,100,17319
1740487277.858148,3154851.000,49602,3,PG,1,100,17322
1740487277.898150,3154891.000,49602,3,PG,1,100,17336
1740487277.938151,3154931.000,49602,3,PG,1,100,17321
1740487277.978153,3154971.000,49618,3,PG,1,100,17322
1740487278.018155,3155011.000,49618,3,PG,1,100,17331
1740487278.058156,3155051.000,49618,3,PG,1,100,17317
1740487278.098158,3155091.000,49635,2,PG,1,100,17285
1740487278.138159,3155131.000,49635,2,PG,1,100,17288
1740487278.178161,3155171.000,49652,3,PG,1,100,17293
1740487278.218163,3155211.000,49652,3,PG,1,100,17302
1740487278.258164,3155251.000,49652,3,PG,1,100,17310
1740487278.298166,3155291.000,49670,2,PG,1,100,17325
1740487278.338168,3155331.000,49670,2,PG,1,100,17343
1740487278.378169,3155371.000,49686,3,PG,1,100,17340
1740487278.418171,3155411.000,49686,3,PG,1,100,17337
1740487278.458173,3155451.000,49686,3,PG,1,100,17346
1740487278.498174,3155491.000,49702,3,PG,1,100,17343
1740487278.538176,3155531.000,49702,3,PG,1,100,17342
1740487278.578177,3155571.000,49702,3,PG,1,100,17340
1740487278.618179,3155611.000,49719,2,PG,1,100,17358
1740487278.658181,3155651.000,49719,2,PG,1,100,17355
1740487278.698182,3155691.000,49735,3,PG,1,100,17368
1740487278.738184,3155731.000,49735,3,PG,1,100,17386
1740487278.778186,3155771.000,49735,3,PG,1,100,17358
1740487278.818187,3155811.000,49752,2,PG,1,100,17337
1740487278.858189,3155851.000,49752,2,PG,1,100,17313
1740487278.898191,3155891.000,49767,3,PG,1,100,17322
1740487278.938192,3155931.000,49767,3,PG,1,100,17341
1740487278.978194,3155971.000,49767,3,PG,1,100,17348
1740487279.018195,3156011.000,49786,2,PG,1,100,17350
1740487279.058197,3156051.000,49786,2,PG,1,100,17361
1740487279.098199,3156091.000,49810,4,PG,1,100,17356
1740487279.138200,3156131.000,49810,4,PG,1,100,17361
1740487279.178202,3156171.000,49810,4,PG,1,100,17373
1740487279.218204,3156211.000,49810,4,PG,1,100,17372
1740487279.258205,3156251.000,49827,2,PG,1,100,17365
1740487279.298207,3156291.000,49827,2,PG,1,100,17382
1740487279.342542,3156335.333,49843,3,PG,1,100,17369
1740487279.386877,3156379.667,49843,3,PG,1,100,17391
1740487279.431212,3156424.000,49843,3,PG,1,100,17384
1740487279.471214,3156464.000,49859,2,PG,1,100,17375
1740487279.511216,3156504.000,49859,2,PG,1,100,17349
1740487279.551217,3156544.000,49875,3,PG,1,100,17329
1740487279.591219,3156584.000,49875,3,PG,1,100,17336
1740487279.631221,3156624.000,49875,3,PG,1,100,17365
1740487279.671222,3156664.000,49892,2,PG,1,100,17378
1740487279.711224,3156704.000,49892,2,PG,1,100,17393
1740487279.751225,3156744.000,49911,3,PG,1,100,17395
1740487279.791227,3156784.000,49911,3,PG,1,100,17379
1740487279.831229,3156824.000,49911,3,PG,1,100,17384
1740487279.871230,3156864.000,49926,2,PG,1,100,17391
1740487279.911232,3156904.000,49926,2,PG,1,100,17388
1740487279.951234,3156944.000,49942,3,PG,1,100,17387
1740487279.991235,3156984.000,49942,3,PG,1,100,17402
1740487280.031237,3157024.000,49942,3,PG,1,100,17398
1740487280.071239,3157064.000,49960,2,PG,1,100,17385
1740487280.111240,3157104.000,49960,2,PG,1,100,17404
1740487280.151242,3157144.000,49976,3,PG,1,100,17410
1740487280.191243,3157184.000,49976,3,PG,1,100,17400
1740487280.231245,3157224.000,49976,3,PG,1,100,17367
1740487280.271247,3157264.000,49991,2,PG,1,100,17322
1740487280.311248,3157304.000,49991,2,PG,1,100,17336
1740487280.351250,3157344.000,50007,3,PG,1,100,17331
1740487280.391252,3157384.000,50007,3,PG,1,100,17339
1740487280.431253,3157424.000,50007,3,PG,1,100,17359
1740487280.471255,3157464.000,50027,3,PG,1,100,17362
1740487280.511257,3157504.000,50027,3,PG,1,100,17345
1740487280.551258,3157544.000,50027,3,PG,1,100,17351
1740487280.591260,3157584.000,50043,2,PG,1,100,17369
1740487280.631262,3157624.000,50043,2,PG,1,100,17359
1740487280.671263,3157664.000,50059,3,PG,1,100,17379
1740487280.711265,3157704.000,50059,3,PG,1,100,17367
1740487280.751266,3157744.000,50059,3,PG,1,100,17374
1740487280.791268,3157784.000,50075,3,PG,1,100,17373
1740487280.831270,3157824.000,50075,3,PG,1,100,17376
1740487280.871271,3157864.000,50075,3,PG,1,100,17388
1740487280.911273,3157904.000,50092,2,PG,1,100,17389
1740487280.951275,3157944.000,50092,2,PG,1,100,17344
1740487280.991276,3157984.000,50108,3,PG,1,100,17294
1740487281.031278,3158024.000,50108,3,PG,1,100,17280
1740487281.071280,3158064.000,50108,3,PG,1,100,17287
1740487281.111281,3158104.000,50126,2,PG,1,100,17292
1740487281.151283,3158144.000,50126,2,PG,1,100,17304
1740487281.191284,3158184.000,50143,3,PG,1,100,17319
1740487281.231286,3158224.000,50143,3,PG,1,100,17317
1740487281.271288,3158264.000,50143,3,PG,1,100,17321
1740487281.311289,3158304.000,50159,2,PG,1,100,17329
1740487281.351291,3158344.000,50159,2,PG,1,100,17323
1740487281.391293,3158384.000,50176,3,PG,1,100,17348
1740487281.431294,3158424.000,50176,3,PG,1,100,17347
1740487281.471296,3158464.000,50176,3,PG,1,100,17357
1740487281.511298,3158504.000,50193,3,PG,1,100,17371
1740487281.551299,3158544.000,50193,3,PG,1,100,17366
1740487281.591301,3158584.000,50193,3,PG,1,100,17368
1740487281.637803,3158630.500,50209,2,PG,1,100,17363
1740487281.684305,3158677.000,50209,2,PG,1,100,17365
1740487281.724806,3158717.500,50225,2,PG,1,100,17311
1740487281.765308,3158758.000,50225,2,PG,1,100,17268
1740487281.804976,3158797.667,50241,3,PG,1,100,17266
1740487281.844645,3158837.333,50241,3,PG,1,100,17292
1740487281.884313,3158877.000,50241,3,PG,1,100,17288
1740487281.924314,3158917.000,50260,2,PG,1,100,17305
1740487281.964316,3158957.000,50260,2,PG,1,100,17310
1740487282.004318,3158997.000,50276,3,PG,1,100,17319
1740487282.044319,3159037.000,50276,3,PG,1,100,17323
1740487282.084321,3159077.000,50276,3,PG,1,100,17312
1740487282.124323,3159117.000,50292,2,PG,1,100,17321
1740487282.164324,3159157.000,50292,2,PG,1,100,17340
1740487282.204326,3159197.000,50308,3,PG,1,100,17343
1740487282.244328,3159237.000,50308,3,PG,1,100,17340
1740487282.284329,3159277.000,50308,3,PG,1,100,17351
1740487282.324331,3159317.000,50325,3,PG,1,100,17362
1740487282.364332,3159357.000,50325,3,PG,1,100,17346
1740487282.404334,3159397.000,50325,3,PG,1,100,17360
1740487282.444336,3159437.000,50342,2,PG,1,100,17338
1740487282.484337,3159477.000,50342,2,PG,1,100,17288
1740487282.524339,3159517.000,50357,3,PG,1,100,17290
1740487282.564341,3159557.000,50357,3,PG,1,100,17285
1740487282.604342,3159597.000,50357,3,PG,1,100,17315
1740487282.644344,3159637.000,50375,2,PG,1,100,17321
1740487282.684346,3159677.000,50375,2,PG,1,100,17327
1740487282.724347,3159717.000,50393,3,PG,1,100,17325
1740487282.764349,3159757.000,50393,3,PG,1,100,17334
1740487282.804350,3159797.000,50393,3,PG,1,100,17324
1740487282.844352,3159837.000,50409,2,PG,1,100,17339
1740487282.884354,3159877.000,50409,2,PG,1,100,17351
1740487282.924355,3159917.000,50424,3,PG,1,100,17355
1740487282.964357,3159957.000,50424,3,PG,1,100,17358
1740487283.004359,3159997.000,50424,3,PG,1,100,17375
1740487283.044360,3160037.000,50441,3,PG,1,100,17369
1740487283.084362,3160077.000,50441,3,PG,1,100,17370
1740487283.124364,3160117.000,50441,3,PG,1,100,17379
1740487283.164365,3160157.000,50458,2,PG,1,100,17348
1740487283.204367,3160197.000,50458,2,PG,1,100,17319
1740487283.244368,3160237.000,50474,3,PG,1,100,17333
1740487283.284370,3160277.000,50474,3,PG,1,100,17359
1740487283.324372,3160317.000,50474,3,PG,1,100,17378
1740487283.364373,3160357.000,50493,2,PG,1,100,17388
1740487283.404375,3160397.000,50493,2,PG,1,100,17388
1740487283.444377,3160437.000,50508,3,PG,1,100,17384
1740487283.484378,3160477.000,50508,3,PG,1,100,17384
1740487283.524380,3160517.000,50508,3,PG,1,100,17376
1740487283.564382,3160557.000,50525,3,PG,1,100,17401
1740487283.604383,3160597.000,50525,3,PG,1,100,17407
1740487283.644385,3160637.000,50525,3,PG,1,100,17396
1740487283.684387,3160677.000,50541,2,PG,1,100,17407
1740487283.724388,3160717.000,50541,2,PG,1,100,17414
1740487283.764390,3160757.000,50559,3,PG,1,100,17407
1740487283.804391,3160797.000,50559,3,PG,1,100,17417
1740487283.844393,3160837.000,50559,3,PG,1,100,17391
1740487283.891395,3160884.000,50573,2,PG,1,100,17371
1740487283.938397,3160931.000,50573,2,PG,1,100,17358
1740487283.978399,3160971.000,50590,2,PG,1,100,17380
1740487284.018400,3161011.000,50590,2,PG,1,100,17403
1740487284.058402,3161051.000,50609,3,PG,1,100,17400
1740487284.098403,3161091.000,50609,3,PG,1,100,17408
1740487284.138405,3161131.000,50609,3,PG,1,100,17413
1740487284.178207,3161170.800,50633,5,PG,1,100,17406
1740487284.218008,3161210.600,50633,5,PG,1,100,17402
1740487284.257810,3161250.400,50633,5,PG,1,100,17409
1740487284.297612,3161290.200,50633,5,PG,1,100,17430
1740487284.337413,3161330.000,50633,5,PG,1,100,17418
1740487284.377915,3161370.500,50649,2,PG,1,100,17425
1740487284.418417,3161411.000,50649,2,PG,1,100,17424
1740487284.458085,3161450.667,50667,3,PG,1,100,17442
1740487284.497753,3161490.333,50667,3,PG,1,100,17438
1740487284.537421,3161530.000,50667,3,PG,1,100,17425
1740487284.577923,3161570.500,50683,2,PG,1,100,17394
1740487284.618425,3161611.000,50683,2,PG,1,100,17377
1740487284.658426,3161651.000,50698,3,PG,1,100,17393
1740487284.698428,3161691.000,50698,3,PG,1,100,17412
1740487284.738430,3161731.000,50698,3,PG,1,100,17423
1740487284.777931,3161770.500,50717,2,PG,1,100,17421
1740487284.817433,3161810.000,50717,2,PG,1,100,17437
1740487284.857435,3161850.000,50734,3,PG,1,100,17435
1740487284.897436,3161890.000,50734,3,PG,1,100,17432
1740487284.937438,3161930.000,50734,3,PG,1,100,17430
1740487284.977439,3161970.000,50750,2,PG,1,100,17435
1740487285.017441,3162010.000,50750,2,PG,1,100,17446
1740487285.057693,3162050.250,50767,4,PG,1,100,17438
1740487285.097944,3162090.500,50767,4,PG,1,100,17450
1740487285.138196,3162130.750,50767,4,PG,1,100,17460
1740487285.178448,3162171.000,50767,4,PG,1,100,17442
1740487285.218449,3162211.000,50783,2,PG,1,100,17457
1740487285.258451,3162251.000,50783,2,PG,1,100,17434
1740487285.298119,3162290.667,50799,3,PG,1,100,17420
1740487285.337788,3162330.333,50799,3,PG,1,100,17404
1740487285.377456,3162370.000,50799,3,PG,1,100,17409
1740487285.417457,3162410.000,50816,2,PG,1,100,17435
1740487285.457459,3162450.000,50816,2,PG,1,100,17449
1740487285.497461,3162490.000,50835,3,PG,1,100,17449
1740487285.537462,3162530.000,50835,3,PG,1,100,17453
1740487285.577464,3162570.000,50835,3,PG,1,100,17454
1740487285.617966,3162610.500,50850,2,PG,1,100,17447
1740487285.658467,3162651.000,50850,2,PG,1,100,17464
1740487285.698136,3162690.667,50867,3,PG,1,100,17453
1740487285.737804,3162730.333,50867,3,PG,1,100,17466
1740487285.777472,3162770.000,50867,3,PG,1,100,17469
1740487285.817474,3162810.000,50883,2,PG,1,100,17476
1740487285.857475,3162850.000,50883,2,PG,1,100,17466
1740487285.897477,3162890.000,50900,3,PG,1,100,17489
1740487285.937479,3162930.000,50900,3,PG,1,100,17462
1740487285.977480,3162970.000,50900,3,PG,1,100,17439
1740487286.017482,3163010.000,50916,2,PG,1,100,17443
1740487286.057484,3163050.000,50916,2,PG,1,100,17443
1740487286.097485,3163090.000,50932,3,PG,1,100,17463
1740487286.137487,3163130.000,50932,3,PG,1,100,17473
1740487286.177489,3163170.000,50932,3,PG,1,100,17469
1740487286.224491,3163217.000,50950,2,PG,1,100,17477
1740487286.271492,3163264.000,50950,2,PG,1,100,17469
1740487286.311494,3163304.000,50967,3,PG,1,100,17475
1740487286.351496,3163344.000,50967,3,PG,1,100,17475
1740487286.391497,3163384.000,50967,3,PG,1,100,17480
1740487286.431499,3163424.000,50984,2,PG,1,100,17470
1740487286.471501,3163464.000,50984,2,PG,1,100,17493
1740487286.511502,3163504.000,50999,3,PG,1,100,17472
1740487286.551504,3163544.000,50999,3,PG,1,100,17498
1740487286.591506,3163584.000,50999,3,PG,1,100,17500
1740487286.631507,3163624.000,51015,2,PG,1,100,17488
1740487286.671509,3163664.000,51015,2,PG,1,100,17475
1740487286.711510,3163704.000,51033,3,PG,1,100,17435
1740487286.751512,3163744.000,51033,3,PG,1,100,17451
1740487286.791514,3163784.000,51033,3,PG,1,100,17462
1740487286.831515,3163824.000,51049,2,PG,1,100,17476
1740487286.871517,3163864.000,51049,2,PG,1,100,17482
1740487286.911519,3163904.000,51066,3,PG,1,100,17488
1740487286.951520,3163944.000,51066,3,PG,1,100,17474
1740487286.991522,3163984.000,51066,3,PG,1,100,17484
1740487287.031524,3164024.000,51082,3,PG,1,100,17484
1740487287.071525,3164064.000,51082,3,PG,1,100,17478
1740487287.111527,3164104.000,51082,3,PG,1,100,17484
1740487287.151528,3164144.000,51100,2,PG,1,100,17486
1740487287.191530,3164184.000,51100,2,PG,1,100,17499
1740487287.231532,3164224.000,51116,3,PG,1,100,17507
1740487287.271533,3164264.000,51116,3,PG,1,100,17512
1740487287.311535,3164304.000,51116,3,PG,1,100,17491
1740487287.351537,3164344.000,51133,3,PG,1,100,17484
1740487287.391538,3164384.000,51133,3,PG,1,100,17462
1740487287.431540,3164424.000,51133,3,PG,1,100,17445
1740487287.471542,3164464.000,51148,2,PG,1,100,17463
1740487287.511543,3164504.000,51148,2,PG,1,100,17473
1740487287.551545,3164544.000,51167,3,PG,1,100,17482
1740487287.591546,3164584.000,51167,3,PG,1,100,17494
1740487287.631548,3164624.000,51167,3,PG,1,100,17491
1740487287.671550,3164664.000,51183,2,PG,1,100,17492
1740487287.711551,3164704.000,51183,2,PG,1,100,17496
1740487287.751553,3164744.000,51201,3,PG,1,100,17496
1740487287.791555,3164784.000,51201,3,PG,1,100,17492
1740487287.831556,3164824.000,51201,3,PG,1,100,17509
1740487287.871558,3164864.000,51216,3,PG,1,100,17521
1740487287.911560,3164904.000,51216,3,PG,1,100,17503
1740487287.951561,3164944.000,51216,3,PG,1,100,17521
1740487287.991563,3164984.000,51232,2,PG,1,100,17527
1740487288.031564,3165024.000,51232,2,PG,1,100,17529
1740487288.071233,3165063.667,51249,3,PG,1,100,17511
1740487288.110901,3165103.333,51249,3,PG,1,100,17501
1740487288.150569,3165143.000,51249,3,PG,1,100,17471
1740487288.190571,3165183.000,51266,2,PG,1,100,17481
1740487288.230573,3165223.000,51266,2,PG,1,100,17478
1740487288.270574,3165263.000,51284,3,PG,1,100,17515
1740487288.310576,3165303.000,51284,3,PG,1,100,17523
1740487288.350578,3165343.000,51284,3,PG,1,100,17518
1740487288.391079,3165383.500,51300,2,PG,1,100,17532
1740487288.431581,3165424.000,51300,2,PG,1,100,17531
1740487288.478083,3165470.500,51316,2,PG,1,100,17515
1740487288.524585,3165517.000,51316,2,PG,1,100,17534
1740487288.564586,3165557.000,51333,3,PG,1,100,17539
1740487288.604588,3165597.000,51333,3,PG,1,100,17541
1740487288.644590,3165637.000,51333,3,PG,1,100,17538
1740487288.684591,3165677.000,51349,3,PG,1,100,17535
1740487288.724593,3165717.000,51349,3,PG,1,100,17550
1740487288.764594,3165757.000,51349,3,PG,1,100,17534
1740487288.804596,3165797.000,51365,2,PG,1,100,17530
1740487288.844598,3165837.000,51365,2,PG,1,100,17509
1740487288.884599,3165877.000,51381,3,PG,1,100,17494
1740487288.924601,3165917.000,51381,3,PG,1,100,17509
1740487288.964603,3165957.000,51381,3,PG,1,100,17517
1740487289.004604,3165997.000,51400,2,PG,1,100,17532
1740487289.044606,3166037.000,51400,2,PG,1,100,17540
1740487289.084608,3166077.000,51417,3,PG,1,100,17536
1740487289.124609,3166117.000,51417,3,PG,1,100,17513
1740487289.164611,3166157.000,51417,3,PG,1,100,17535
1740487289.204613,3166197.000,51434,2,PG,1,100,17537
1740487289.244614,3166237.000,51434,2,PG,1,100,17535
1740487289.284616,3166277.000,51456,5,PG,1,100,17549
1740487289.324617,3166317.000,51456,5,PG,1,100,17545
1740487289.364619,3166357.000,51456,5,PG,1,100,17556
1740487289.404621,3166397.000,51456,5,PG,1,100,17566
1740487289.444622,3166437.000,51456,5,PG,1,100,17561
1740487289.484624,3166477.000,51473,4,PG,1,100,17553
1740487289.524626,3166517.000,51473,4,PG,1,100,17529
1740487289.564627,3166557.000,51473,4,PG,1,100,17494
1740487289.604629,3166597.000,51473,4,PG,1,100,17504
1740487289.644631,3166637.000,51490,2,PG,1,100,17529
1740487289.684632,3166677.000,51490,2,PG,1,100,17542
1740487289.724634,3166717.000,51507,3,PG,1,100,17540
1740487289.764635,3166757.000,51507,3,PG,1,100,17542
1740487289.804637,3166797.000,51507,3,PG,1,100,17550
1740487289.844639,3166837.000,51524,2,PG,1,100,17550
1740487289.884640,3166877.000,51524,2,PG,1,100,17542
1740487289.924642,3166917.000,51540,3,PG,1,100,17541
1740487289.964644,3166957.000,51540,3,PG,1,100,17557
1740487290.004645,3166997.000,51540,3,PG,1,100,17554
1740487290.044647,3167037.000,51557,2,PG,1,100,17552
1740487290.084649,3167077.000,51557,2,PG,1,100,17566
1740487290.124650,3167117.000,51572,3,PG,1,100,17582
1740487290.164652,3167157.000,51572,3,PG,1,100,17566
1740487290.204653,3167197.000,51572,3,PG,1,100,17532
1740487290.244655,3167237.000,51589,2,PG,1,100,17491
1740487290.284657,3167277.000,51589,2,PG,1,100,17479
1740487290.324658,3167317.000,51605,3,PG,1,100,17487
1740487290.364660,3167357.000,51605,3,PG,1,100,17498
1740487290.404662,3167397.000,51605,3,PG,1,100,17504
1740487290.444663,3167437.000,51625,2,PG,1,100,17509
1740487290.484665,3167477.000,51625,2,PG,1,100,17502
1740487290.524667,3167517.000,51640,3,PG,1,100,17500
1740487290.564668,3167557.000,51640,3,PG,1,100,17511
1740487290.604670,3167597.000,51640,3,PG,1,100,17509
1740487290.644671,3167637.000,51656,2,PG,1,100,17522
1740487290.684673,3167677.000,51656,2,PG,1,100,17527
1740487290.729008,3167721.333,51673,3,PG,1,100,17532
1740487290.773343,3167765.667,51673,3,PG,1,100,17533
1740487290.817679,3167810.000,51673,3,PG,1,100,17533
1740487290.857680,3167850.000,51690,2,PG,1,100,17548
1740487290.897682,3167890.000,51690,2,PG,1,100,17534
1740487290.937683,3167930.000,51706,3,PG,1,100,17541
1740487290.977685,3167970.000,51706,3,PG,1,100,17530
1740487291.017687,3168010.000,51706,3,PG,1,100,17498
1740487291.057688,3168050.000,51722,2,PG,1,100,17412
1740487291.097690,3168090.000,51722,2,PG,1,100,17408
1740487291.137692,3168130.000,51738,3,PG,1,100,17432
1740487291.177693,3168170.000,51738,3,PG,1,100,17429
1740487291.217695,3168210.000,51738,3,PG,1,100,17442
1740487291.257697,3168250.000,51757,2,PG,1,100,17450
1740487291.297698,3168290.000,51757,2,PG,1,100,17450
1740487291.337700,3168330.000,51773,3,PG,1,100,17455
1740487291.377701,3168370.000,51773,3,PG,1,100,17441
1740487291.417703,3168410.000,51773,3,PG,1,100,17456
1740487291.457705,3168450.000,51789,2,PG,1,100,17465
1740487291.497706,3168490.000,51789,2,PG,1,100,17469
1740487291.537708,3168530.000,51807,3,PG,1,100,17485
1740487291.577710,3168570.000,51807,3,PG,1,100,17475
1740487291.617711,3168610.000,51807,3,PG,1,100,17486
1740487291.657713,3168650.000,51824,3,PG,1,100,17481
1740487291.697715,3168690.000,51824,3,PG,1,100,17499
1740487291.737716,3168730.000,51824,3,PG,1,100,17496
1740487291.777718,3168770.000,51842,8,PG,1,100,17499
1740487291.817719,3168810.000,51842,8,PG,1,100,17442
1740487291.857721,3168850.000,51842,8,PG,1,100,17362
1740487291.897723,3168890.000,51842,8,PG,1,100,17366
1740487291.937724,3168930.000,51842,8,PG,1,100,17389
1740487291.977726,3168970.000,51842,8,PG,1,100,17404
1740487292.017728,3169010.000,51842,8,PG,1,100,17406
1740487292.057729,3169050.000,51842,8,PG,1,100,17419
1740487292.097731,3169090.000,51861,4,PG,1,100,17422
1740487292.137733,3169130.000,51861,4,PG,1,100,17439
1740487292.177734,3169170.000,51861,4,PG,1,100,17423
1740487292.217736,3169210.000,51861,4,PG,1,100,17438
1740487292.257738,3169250.000,51878,4,PG,1,100,17442
1740487292.297739,3169290.000,51878,4,PG,1,100,17444
1740487292.337741,3169330.000,51878,4,PG,1,100,17454
1740487292.377742,3169370.000,51878,4,PG,1,100,17459
1740487292.417744,3169410.000,51894,2,PG,1,100,17457
1740487292.457746,3169450.000,51894,2,PG,1,100,17459
1740487292.497747,3169490.000,51911,3,PG,1,100,17435
1740487292.537749,3169530.000,51911,3,PG,1,100,17390
1740487292.577751,3169570.000,51911,3,PG,1,100,17349
1740487292.617752,3169610.000,51927,2,PG,1,100,17357
1740487292.657754,3169650.000,51927,2,PG,1,100,17399
1740487292.697756,3169690.000,51945,3,PG,1,100,17395
1740487292.737757,3169730.000,51945,3,PG,1,100,17391
1740487292.777759,3169770.000,51945,3,PG,1,100,17401
1740487292.817760,3169810.000,51963,3,PG,1,100,17424
1740487292.857762,3169850.000,51963,3,PG,1,100,17407
1740487292.897764,3169890.000,51963,3,PG,1,100,17423
1740487292.937765,3169930.000,51978,2,PG,1,100,17425
1740487292.977767,3169970.000,51978,2,PG,1,100,17430
1740487293.024269,3170016.500,51994,2,PG,1,100,17448
1740487293.070771,3170063.000,51994,2,PG,1,100,17449
1740487293.110772,3170103.000,52012,3,PG,1,100,17456
1740487293.150774,3170143.000,52012,3,PG,1,100,17454
1740487293.190776,3170183.000,52012,3,PG,1,100,17431
1740487293.230777,3170223.000,52028,2,PG,1,100,17363
1740487293.270779,3170263.000,52028,2,PG,1,100,17351
1740487293.310781,3170303.000,52043,3,PG,1,100,17358
1740487293.350782,3170343.000,52043,3,PG,1,100,17385
1740487293.390784,3170383.000,52043,3,PG,1,100,17407
1740487293.430786,3170423.000,52062,3,PG,1,100,17400
1740487293.470787,3170463.000,52062,3,PG,1,100,17405
1740487293.510789,3170503.000,52062,3,PG,1,100,17398
1740487293.550790,3170543.000,52079,2,PG,1,100,17410
1740487293.590792,3170583.000,52079,2,PG,1,100,17406
1740487293.630794,3170623.000,52095,3,PG,1,100,17426
1740487293.670795,3170663.000,52095,3,PG,1,100,17424
1740487293.710797,3170703.000,52095,3,PG,1,100,17441
1740487293.750799,3170743.000,52111,2,PG,1,100,17448
1740487293.790800,3170783.000,52111,2,PG,1,100,17440
1740487293.830802,3170823.000,52127,3,PG,1,100,17466
1740487293.870804,3170863.000,52127,3,PG,1,100,17434
1740487293.910805,3170903.000,52127,3,PG,1,100,17396
1740487293.950807,3170943.000,52144,2,PG,1,100,17335
1740487293.990808,3170983.000,52144,2,PG,1,100,17338
1740487294.030810,3171023.000,52160,3,PG,1,100,17358
1740487294.070812,3171063.000,52160,3,PG,1,100,17383
1740487294.110813,3171103.000,52160,3,PG,1,100,17386
1740487294.150815,3171143.000,52181,2,PG,1,100,17393
1740487294.190817,3171183.000,52181,2,PG,1,100,17410
1740487294.230818,3171223.000,52196,3,PG,1,100,17397
1740487294.270820,3171263.000,52196,3,PG,1,100,17401
1740487294.310822,3171303.000,52196,3,PG,1,100,17409
1740487294.350823,3171343.000,52213,2,PG,1,100,17417
1740487294.390825,3171383.000,52213,2,PG,1,100,17441
1740487294.430826,3171423.000,52235,4,PG,1,100,17439
1740487294.470828,3171463.000,52235,4,PG,1,100,17425
1740487294.510830,3171503.000,52235,4,PG,1,100,17445
1740487294.550831,3171543.000,52235,4,PG,1,100,17439
1740487294.590833,3171583.000,52252,2,PG,1,100,17421
1740487294.630835,3171623.000,52252,2,PG,1,100,17365
1740487294.670836,3171663.000,52268,3,PG,1,100,17326
1740487294.710838,3171703.000,52268,3,PG,1,100,17325
1740487294.750840,3171743.000,52268,3,PG,1,100,17366
1740487294.790841,3171783.000,52284,2,PG,1,100,17394
1740487294.830843,3171823.000,52284,2,PG,1,100,17387
1740487294.870844,3171863.000,52302,3,PG,1,100,17399
1740487294.910846,3171903.000,52302,3,PG,1,100,17400
1740487294.950848,3171943.000,52302,3,PG,1,100,17397
1740487294.990849,3171983.000,52319,2,PG,1,100,17405
1740487295.030851,3172023.000,52319,2,PG,1,100,17418
1740487295.070853,3172063.000,52336,3,PG,1,100,17444
1740487295.110854,3172103.000,52336,3,PG,1,100,17435
1740487295.150856,3172143.000,52336,3,PG,1,100,17430
1740487295.190858,3172183.000,52351,2,PG,1,100,17447
1740487295.230859,3172223.000,52351,2,PG,1,100,17461
1740487295.275194,3172267.333,52367,3,PG,1,100,17456
1740487295.319530,3172311.667,52367,3,PG,1,100,17447
1740487295.363865,3172356.000,52367,3,PG,1,100,17450
1740487295.403866,3172396.000,52385,2,PG,1,100,17385
1740487295.443868,3172436.000,52385,2,PG,1,100,17335
1740487295.483870,3172476.000,52401,3,PG,1,100,17363
1740487295.523871,3172516.000,52401,3,PG,1,100,17395
1740487295.563873,3172556.000,52401,3,PG,1,100,17388
1740487295.603875,3172596.000,52418,2,PG,1,100,17409
1740487295.643876,3172636.000,52418,2,PG,1,100,17423
1740487295.683878,3172676.000,52434,3,PG,1,100,17410
1740487295.723879,3172716.000,52434,3,PG,1,100,17419
1740487295.763881,3172756.000,52434,3,PG,1,100,17413
1740487295.803883,3172796.000,52452,2,PG,1,100,17424
1740487295.843884,3172836.000,52452,2,PG,1,100,17433
1740487295.883886,3172876.000,52468,3,PG,1,100,17443
1740487295.923888,3172916.000,52468,3,PG,1,100,17441
1740487295.963889,3172956.000,52468,3,PG,1,100,17457
1740487296.003891,3172996.000,52483,2,PG,1,100,17452
1740487296.043893,3173036.000,52483,2,PG,1,100,17453
1740487296.083894,3173076.000,52500,3,PG,1,100,17461
1740487296.123896,3173116.000,52500,3,PG,1,100,17436
1740487296.163897,3173156.000,52500,3,PG,1,100,17385
1740487296.203899,3173196.000,52517,2,PG,1,100,17384
1740487296.243901,3173236.000,52517,2,PG,1,100,17393
1740487296.283902,3173276.000,52533,3,PG,1,100,17402
1740487296.323904,3173316.000,52533,3,PG,1,100,17412
1740487296.363906,3173356.000,52533,3,PG,1,100,17420
1740487296.403907,3173396.000,52551,3,PG,1,100,17429
1740487296.443909,3173436.000,52551,3,PG,1,100,17427
1740487296.483911,3173476.000,52551,3,PG,1,100,17445
1740487296.523912,3173516.000,52567,2,PG,1,100,17430
1740487296.563914,3173556.000,52567,2,PG,1,100,17445
1740487296.603915,3173596.000,52584,3,PG,1,100,17446
1740487296.643917,3173636.000,52584,3,PG,1,100,17465
1740487296.683919,3173676.000,52584,3,PG,1,100,17462
1740487296.723920,3173716.000,52601,2,PG,1,100,17472
1740487296.763922,3173756.000,52601,2,PG,1,100,17465
1740487296.803924,3173796.000,52618,3,PG,1,100,17475
1740487296.843925,3173836.000,52618,3,PG,1,100,17458
1740487296.883927,3173876.000,52618,3,PG,1,100,17414
1740487296.923929,3173916.000,52632,2,PG,1,100,17445
1740487296.963930,3173956.000,52632,2,PG,1,100,17443
1740487297.003932,3173996.000,52651,3,PG,1,100,17468
1740487297.043933,3174036.000,52651,3,PG,1,100,17485
1740487297.083935,3174076.000,52651,3,PG,1,100,17479
1740487297.123937,3174116.000,52668,2,PG,1,100,17481
1740487297.163938,3174156.000,52668,2,PG,1,100,17493
1740487297.203940,3174196.000,52685,3,PG,1,100,17485
1740487297.243942,3174236.000,52685,3,PG,1,100,17483
1740487297.283943,3174276.000,52685,3,PG,1,100,17499
1740487297.323945,3174316.000,52699,3,PG,1,100,17516
1740487297.363947,3174356.000,52699,3,PG,1,100,17504
1740487297.403948,3174396.000,52699,3,PG,1,100,17508
1740487297.443950,3174436.000,52717,2,PG,1,100,17512
1740487297.483951,3174476.000,52717,2,PG,1,100,17524
1740487297.530453,3174522.500,52733,2,PG,1,100,17521
1740487297.576955,3174569.000,52733,2,PG,1,100,17493
1740487297.616957,3174609.000,52750,3,PG,1,100,17477
1740487297.656959,3174649.000,52750,3,PG,1,100,17478
1740487297.696960,3174689.000,52750,3,PG,1,100,17491
1740487297.736962,3174729.000,52765,2,PG,1,100,17522
1740487297.776963,3174769.000,52765,2,PG,1,100,17522
1740487297.816965,3174809.000,52784,3,PG,1,100,17519
1740487297.856967,3174849.000,52784,3,PG,1,100,17551
1740487297.896968,3174889.000,52784,3,PG,1,100,17540
1740487297.936970,3174929.000,52800,2,PG,1,100,17522
1740487297.976972,3174969.000,52800,2,PG,1,100,17531
1740487298.016973,3175009.000,52817,3,PG,1,100,17548
1740487298.056975,3175049.000,52817,3,PG,1,100,17554
1740487298.096977,3175089.000,52817,3,PG,1,100,17547
1740487298.136978,3175129.000,52832,2,PG,1,100,17558
1740487298.176980,3175169.000,52832,2,PG,1,100,17548
1740487298.216981,3175209.000,52849,3,PG,1,100,17559
1740487298.256983,3175249.000,52849,3,PG,1,100,17546
1740487298.296985,3175289.000,52849,3,PG,1,100,17526
1740487298.336986,3175329.000,52865,3,PG,1,100,17502
1740487298.376988,3175369.000,52865,3,PG,1,100,17513
1740487298.416990,3175409.000,52865,3,PG,1,100,17537
1740487298.456991,3175449.000,52883,2,PG,1,100,17557
1740487298.496993,3175489.000,52883,2,PG,1,100,17552
1740487298.536995,3175529.000,52900,3,PG,1,100,17562
1740487298.576996,3175569.000,52900,3,PG,1,100,17555
1740487298.616998,3175609.000,52900,3,PG,1,100,17565
1740487298.657000,3175649.000,52916,2,PG,1,100,17557
1740487298.697001,3175689.000,52916,2,PG,1,100,17563
1740487298.737003,3175729.000,52933,3,PG,1,100,17576
1740487298.777004,3175769.000,52933,3,PG,1,100,17567
1740487298.817006,3175809.000,52933,3,PG,1,100,17569
1740487298.857008,3175849.000,52950,2,PG,1,100,17577
1740487298.897009,3175889.000,52950,2,PG,1,100,17591
1740487298.937011,3175929.000,52966,3,PG,1,100,17584
1740487298.977013,3175969.000,52966,3,PG,1,100,17570
1740487299.017014,3176009.000,52966,3,PG,1,100,17520
1740487299.057016,3176049.000,52982,2,PG,1,100,17534
1740487299.097018,3176089.000,52982,2,PG,1,100,17527
1740487299.137019,3176129.000,53000,3,PG,1,100,17552
1740487299.177021,3176169.000,53000,3,PG,1,100,17570
1740487299.217022,3176209.000,53000,3,PG,1,100,17561
1740487299.257024,3176249.000,53019,2,PG,1,100,17575
1740487299.297026,3176289.000,53019,2,PG,1,100,17582
1740487299.337027,3176329.000,53035,3,PG,1,100,17573
1740487299.377029,3176369.000,53035,3,PG,1,100,17565
1740487299.417031,3176409.000,53035,3,PG,1,100,17585
1740487299.457032,3176449.000,53051,3,PG,1,100,17584
1740487299.497034,3176489.000,53051,3,PG,1,100,17589
1740487299.537036,3176529.000,53051,3,PG,1,100,17593
1740487299.577037,3176569.000,53073,3,PG,1,100,17604
1740487299.617039,3176609.000,53073,3,PG,1,100,17608
1740487299.657040,3176649.000,53073,3,PG,1,100,17613
1740487299.697042,3176689.000,53089,2,PG,1,100,17588
1740487299.737044,3176729.000,53089,2,PG,1,100,17562
1740487299.781379,3176773.333,53107,3,PG,1,100,17543
1740487299.825714,3176817.667,53107,3,PG,1,100,17556
1740487299.870049,3176862.000,53107,3,PG,1,100,17580
1740487299.910051,3176902.000,53123,2,PG,1,100,17583
1740487299.950052,3176942.000,53123,2,PG,1,100,17585
1740487299.990054,3176982.000,53140,3,PG,1,100,17600
1740487300.030056,3177022.000,53140,3,PG,1,100,17598
1740487300.070057,3177062.000,53140,3,PG,1,100,17573
1740487300.110059,3177102.000,53157,2,PG,1,100,17598
1740487300.150061,3177142.000,53157,2,PG,1,100,17597
1740487300.190062,3177182.000,53174,3,PG,1,100,17598
1740487300.230064,3177222.000,53174,3,PG,1,100,17610
1740487300.270066,3177262.000,53174,3,PG,1,100,17602
1740487300.310067,3177302.000,53190,2,PG,1,100,17618
1740487300.350069,3177342.000,53190,2,PG,1,100,17612
1740487300.390070,3177382.000,53207,3,PG,1,100,17606
1740487300.430072,3177422.000,53207,3,PG,1,100,17590
1740487300.470074,3177462.000,53207,3,PG,1,100,17554
1740487300.510075,3177502.000,53222,3,PG,1,100,17556
1740487300.550077,3177542.000,53222,3,PG,1,100,17595
1740487300.590079,3177582.000,53222,3,PG,1,100,17610
1740487300.630080,3177622.000,53241,2,PG,1,100,17603
1740487300.670082,3177662.000,53241,2,PG,1,100,17617
1740487300.710084,3177702.000,53258,3,PG,1,100,17610
1740487300.750085,3177742.000,53258,3,PG,1,100,17612
1740487300.790087,3177782.000,53258,3,PG,1,100,17599
1740487300.830088,3177822.000,53275,2,PG,1,100,17619
1740487300.870090,3177862.000,53275,2,PG,1,100,17627
1740487300.910092,3177902.000,53289,3,PG,1,100,17613
1740487300.950093,3177942.000,53289,3,PG,1,100,17640
1740487300.990095,3177982.000,53289,3,PG,1,100,17638
1740487301.030097,3178022.000,53306,2,PG,1,100,17626
1740487301.070098,3178062.000,53306,2,PG,1,100,17627
1740487301.110100,3178102.000,53323,3,PG,1,100,17618
1740487301.150102,3178142.000,53323,3,PG,1,100,17589
1740487301.190103,3178182.000,53323,3,PG,1,100,17555
1740487301.230105,3178222.000,53340,2,PG,1,100,17572
1740487301.270106,3178262.000,53340,2,PG,1,100,17586
1740487301.310108,3178302.000,53356,3,PG,1,100,17593
1740487301.350110,3178342.000,53356,3,PG,1,100,17603
1740487301.390111,3178382.000,53356,3,PG,1,100,17629
1740487301.430113,3178422.000,53374,2,PG,1,100,17614
1740487301.470115,3178462.000,53374,2,PG,1,100,17602
1740487301.510116,3178502.000,53390,3,PG,1,100,17617
1740487301.550118,3178542.000,53390,3,PG,1,100,17623
1740487301.590120,3178582.000,53390,3,PG,1,100,17626
1740487301.630121,3178622.000,53407,2,PG,1,100,17623
1740487301.670123,3178662.000,53407,2,PG,1,100,17636
1740487301.710124,3178702.000,53422,3,PG,1,100,17636
1740487301.750126,3178742.000,53422,3,PG,1,100,17624
1740487301.790128,3178782.000,53422,3,PG,1,100,17621
1740487301.830129,3178822.000,53439,3,PG,1,100,17620
1740487301.870131,3178862.000,53439,3,PG,1,100,17578
1740487301.910133,3178902.000,53439,3,PG,1,100,17570
1740487301.950134,3178942.000,53455,2,PG,1,100,17568
1740487301.990136,3178982.000,53455,2,PG,1,100,17589
1740487302.036638,3179028.500,53472,2,PG,1,100,17605
1740487302.083140,3179075.000,53472,2,PG,1,100,17592
1740487302.123141,3179115.000,53489,3,PG,1,100,17616
1740487302.163143,3179155.000,53489,3,PG,1,100,17606
1740487302.203145,3179195.000,53489,3,PG,1,100,17588
1740487302.243146,3179235.000,53506,2,PG,1,100,17594
1740487302.283148,3179275.000,53506,2,PG,1,100,17618
1740487302.323150,3179315.000,53522,3,PG,1,100,17609
1740487302.363151,3179355.000,53522,3,PG,1,100,17632
1740487302.403153,3179395.000,53522,3,PG,1,100,17623
1740487302.443155,3179435.000,53540,2,PG,1,100,17613
1740487302.483156,3179475.000,53540,2,PG,1,100,17624
1740487302.523158,3179515.000,53555,3,PG,1,100,17632
1740487302.563159,3179555.000,53555,3,PG,1,100,17632
1740487302.603161,3179595.000,53555,3,PG,1,100,17622
1740487302.643163,3179635.000,53571,3,PG,1,100,17591
1740487302.683164,3179675.000,53571,3,PG,1,100,17548
1740487302.723166,3179715.000,53571,3,PG,1,100,17554
1740487302.763168,3179755.000,53588,2,PG,1,100,17571
1740487302.803169,3179795.000,53588,2,PG,1,100,17596
1740487302.843171,3179835.000,53607,3,PG,1,100,17608
1740487302.883173,3179875.000,53607,3,PG,1,100,17583
1740487302.923174,3179915.000,53607,3,PG,1,100,17585
1740487302.963176,3179955.000,53623,2,PG,1,100,17613
1740487303.003177,3179995.000,53623,2,PG,1,100,17595
1740487303.043179,3180035.000,53639,3,PG,1,100,17593
1740487303.083181,3180075.000,53639,3,PG,1,100,17604
1740487303.123182,3180115.000,53639,3,PG,1,100,17622
1740487303.163184,3180155.000,53655,2,PG,1,100,17616
1740487303.203186,3180195.000,53655,2,PG,1,100,17617
1740487303.243187,3180235.000,53672,3,PG,1,100,17635
1740487303.283189,3180275.000,53672,3,PG,1,100,17617
1740487303.323191,3180315.000,53672,3,PG,1,100,17633
1740487303.363192,3180355.000,53688,2,PG,1,100,17627
1740487303.403194,3180395.000,53688,2,PG,1,100,17589
1740487303.443195,3180435.000,53704,3,PG,1,100,17546
1740487303.483197,3180475.000,53704,3,PG,1,100,17562
1740487303.523199,3180515.000,53704,3,PG,1,100,17565
1740487303.563200,3180555.000,53720,2,PG,1,100,17582
1740487303.603202,3180595.000,53720,2,PG,1,100,17585
1740487303.643204,3180635.000,53739,3,PG,1,100,17583
1740487303.683205,3180675.000,53739,3,PG,1,100,17586
1740487303.723207,3180715.000,53739,3,PG,1,100,17589
1740487303.763209,3180755.000,53756,2,PG,1,100,17585
1740487303.803210,3180795.000,53756,2,PG,1,100,17606
1740487303.843212,3180835.000,53771,3,PG,1,100,17601
1740487303.883213,3180875.000,53771,3,PG,1,100,17613
1740487303.923215,3180915.000,53771,3,PG,1,100,17611
1740487303.963217,3180955.000,53787,3,PG,1,100,17616
1740487304.003218,3180995.000,53787,3,PG,1,100,17605
1740487304.043220,3181035.000,53787,3,PG,1,100,17609
1740487304.083222,3181075.000,53805,2,PG,1,100,17636
1740487304.123223,3181115.000,53805,2,PG,1,100,17636
1740487304.163225,3181155.000,53823,2,PG,1,100,17629
1740487304.203227,3181195.000,53823,2,PG,1,100,17598
1740487304.247562,3181239.333,53838,3,PG,1,100,17574
1740487304.291897,3181283.667,53838,3,PG,1,100,17561
1740487304.336232,3181328.000,53838,3,PG,1,100,17583
1740487304.376734,3181368.500,53854,2,PG,1,100,17598
1740487304.417235,3181409.000,53854,2,PG,1,100,17596
1740487304.456904,3181448.667,53874,3,PG,1,100,17607
1740487304.496572,3181488.333,53874,3,PG,1,100,17609
1740487304.536240,3181528.000,53874,3,PG,1,100,17613
1740487304.576242,3181568.000,53890,2,PG,1,100,17609
1740487304.616243,3181608.000,53890,2,PG,1,100,17618
1740487304.656245,3181648.000,53912,4,PG,1,100,17632
1740487304.696247,3181688.000,53912,4,PG,1,100,17616
1740487304.736248,3181728.000,53912,4,PG,1,100,17618
1740487304.776250,3181768.000,53912,4,PG,1,100,17634
1740487304.816252,3181808.000,53928,3,PG,1,100,17635
1740487304.856253,3181848.000,53928,3,PG,1,100,17636
1740487304.896255,3181888.000,53928,3,PG,1,100,17647
1740487304.936257,3181928.000,53943,2,PG,1,100,17638
1740487304.976258,3181968.000,53943,2,PG,1,100,17632
1740487305.016593,3182008.333,53959,3,PG,1,100,17585
1740487305.056928,3182048.667,53959,3,PG,1,100,17591
1740487305.097263,3182089.000,53959,3,PG,1,100,17597
1740487305.136765,3182128.500,53977,2,PG,1,100,17621
1740487305.176266,3182168.000,53977,2,PG,1,100,17633
1740487305.216268,3182208.000,53995,3,PG,1,100,17627
1740487305.256270,3182248.000,53995,3,PG,1,100,17633
1740487305.296271,3182288.000,53995,3,PG,1,100,17632
1740487305.336273,3182328.000,54010,2,PG,1,100,17617
1740487305.376275,3182368.000,54010,2,PG,1,100,17632
1740487305.416276,3182408.000,54027,3,PG,1,100,17630
1740487305.456278,3182448.000,54027,3,PG,1,100,17647
1740487305.496280,3182488.000,54027,3,PG,1,100,17648
1740487305.536281,3182528.000,54044,3,PG,1,100,17635
1740487305.576283,3182568.000,54044,3,PG,1,100,17657
1740487305.616284,3182608.000,54044,3,PG,1,100,17657
1740487305.656286,3182648.000,54060,2,PG,1,100,17656
1740487305.696288,3182688.000,54060,2,PG,1,100,17623
1740487305.736623,3182728.333,54077,3,PG,1,100,17597
1740487305.776958,3182768.667,54077,3,PG,1,100,17600
1740487305.817293,3182809.000,54077,3,PG,1,100,17610
1740487305.856794,3182848.500,54092,2,PG,1,100,17625
1740487305.896296,3182888.000,54092,2,PG,1,100,17628
1740487305.936298,3182928.000,54111,3,PG,1,100,17651
1740487305.976299,3182968.000,54111,3,PG,1,100,17637
1740487306.016301,3183008.000,54111,3,PG,1,100,17650
1740487306.056302,3183048.000,54128,2,PG,1,100,17650
1740487306.096304,3183088.000,54128,2,PG,1,100,17647
1740487306.136306,3183128.000,54145,3,PG,1,100,17649
1740487306.176307,3183168.000,54145,3,PG,1,100,17662
1740487306.216309,3183208.000,54145,3,PG,1,100,17668
1740487306.256311,3183248.000,54159,2,PG,1,100,17658
1740487306.296312,3183288.000,54159,2,PG,1,100,17667
1740487306.336314,3183328.000,54176,3,PG,1,100,17682
1740487306.376316,3183368.000,54176,3,PG,1,100,17642
1740487306.416317,3183408.000,54176,3,PG,1,100,17600
1740487306.456319,3183448.000,54193,2,PG,1,100,17590
1740487306.496320,3183488.000,54193,2,PG,1,100,17595
1740487306.540989,3183532.667,54210,3,PG,1,100,17619
1740487306.585657,3183577.333,54210,3,PG,1,100,17614
1740487306.630326,3183622.000,54210,3,PG,1,100,17624
1740487306.670328,3183662.000,54226,2,PG,1,100,17623
1740487306.710329,3183702.000,54226,2,PG,1,100,17630
1740487306.750331,3183742.000,54244,3,PG,1,100,17614
1740487306.790332,3183782.000,54244,3,PG,1,100,17626
1740487306.830334,3183822.000,54244,3,PG,1,100,17625
1740487306.870336,3183862.000,54260,2,PG,1,100,17645
1740487306.910337,3183902.000,54260,2,PG,1,100,17652
1740487306.950339,3183942.000,54277,3,PG,1,100,17647
1740487306.990341,3183982.000,54277,3,PG,1,100,17635
1740487307.030342,3184022.000,54277,3,PG,1,100,17636
1740487307.070344,3184062.000,54292,2,PG,1,100,17624
1740487307.110346,3184102.000,54292,2,PG,1,100,17547
1740487307.150347,3184142.000,54309,3,PG,1,100,17495
1740487307.190349,3184182.000,54309,3,PG,1,100,17508
1740487307.230351,3184222.000,54309,3,PG,1,100,17514
1740487307.270352,3184262.000,54325,2,PG,1,100,17525
1740487307.310354,3184302.000,54325,2,PG,1,100,17553
1740487307.350355,3184342.000,54344,3,PG,1,100,17538
1740487307.390357,3184382.000,54344,3,PG,1,100,17544
1740487307.430359,3184422.000,54344,3,PG,1,100,17532
1740487307.470360,3184462.000,54359,2,PG,1,100,17550
1740487307.510362,3184502.000,54359,2,PG,1,100,17561
1740487307.550364,3184542.000,54376,3,PG,1,100,17572
1740487307.590365,3184582.000,54376,3,PG,1,100,17569
1740487307.630367,3184622.000,54376,3,PG,1,100,17571
1740487307.670369,3184662.000,54392,3,PG,1,100,17579
1740487307.710370,3184702.000,54392,3,PG,1,100,17603
1740487307.750372,3184742.000,54392,3,PG,1,100,17580
1740487307.790373,3184782.000,54412,2,PG,1,100,17541
1740487307.830375,3184822.000,54412,2,PG,1,100,17426
1740487307.870043,3184861.667,54427,3,PG,1,100,17429
1740487307.909712,3184901.333,54427,3,PG,1,100,17455
1740487307.949380,3184941.000,54427,3,PG,1,100,17462
1740487307.989882,3184981.500,54443,2,PG,1,100,17473
1740487308.030383,3185022.000,54443,2,PG,1,100,17491
1740487308.070052,3185061.667,54462,3,PG,1,100,17496
1740487308.109720,3185101.333,54462,3,PG,1,100,17491
1740487308.149388,3185141.000,54462,3,PG,1,100,17505
1740487308.189390,3185181.000,54479,2,PG,1,100,17497
1740487308.229391,3185221.000,54479,2,PG,1,100,17522
1740487308.269393,3185261.000,54495,3,PG,1,100,17524
1740487308.309395,3185301.000,54495,3,PG,1,100,17525
1740487308.349396,3185341.000,54495,3,PG,1,100,17539
1740487308.389898,3185381.500,54511,2,PG,1,100,17549
1740487308.430400,3185422.000,54511,2,PG,1,100,17542
1740487308.470068,3185461.667,54527,3,PG,1,100,17563
1740487308.509736,3185501.333,54527,3,PG,1,100,17563
1740487308.549405,3185541.000,54527,3,PG,1,100,17552
1740487308.589406,3185581.000,54544,2,PG,1,100,17548
1740487308.629408,3185621.000,54544,2,PG,1,100,17423
1740487308.669409,3185661.000,54560,3,PG,1,100,17382
1740487308.709411,3185701.000,54560,3,PG,1,100,17414
1740487308.749413,3185741.000,54560,3,PG,1,100,17425
1740487308.796415,3185788.000,54576,2,PG,1,100,17447
1740487308.843417,3185835.000,54576,2,PG,1,100,17463
1740487308.883418,3185875.000,54594,3,PG,1,100,17464
1740487308.923420,3185915.000,54594,3,PG,1,100,17462
1740487308.963421,3185955.000,54594,3,PG,1,100,17479
1740487309.003423,3185995.000,54611,2,PG,1,100,17465
1740487309.043425,3186035.000,54611,2,PG,1,100,17479
1740487309.083426,3186075.000,54628,3,PG,1,100,17491
1740487309.123428,3186115.000,54628,3,PG,1,100,17507
1740487309.163430,3186155.000,54628,3,PG,1,100,17522
1740487309.203431,3186195.000,54645,2,PG,1,100,17509
1740487309.243433,3186235.000,54645,2,PG,1,100,17518
1740487309.283435,3186275.000,54661,3,PG,1,100,17535
1740487309.323436,3186315.000,54661,3,PG,1,100,17526
1740487309.363438,3186355.000,54661,3,PG,1,100,17526
1740487309.403439,3186395.000,54679,2,PG,1,100,17542
1740487309.443441,3186435.000,54679,2,PG,1,100,17549
1740487309.483443,3186475.000,54695,3,PG,1,100,17522
1740487309.523444,3186515.000,54695,3,PG,1,100,17467
1740487309.563446,3186555.000,54695,3,PG,1,100,17379
1740487309.603448,3186595.000,54710,2,PG,1,100,17382
1740487309.643449,3186635.000,54710,2,PG,1,100,17435
1740487309.683451,3186675.000,54726,3,PG,1,100,17435
1740487309.723453,3186715.000,54726,3,PG,1,100,17450
1740487309.763454,3186755.000,54726,3,PG,1,100,17448
1740487309.803456,3186795.000,54751,3,PG,1,100,17459
1740487309.843457,3186835.000,54751,3,PG,1,100,17446
1740487309.883459,3186875.000,54751,3,PG,1,100,17467
1740487309.923461,3186915.000,54767,3,PG,1,100,17482
1740487309.963462,3186955.000,54767,3,PG,1,100,17486
1740487310.003464,3186995.000,54767,3,PG,1,100,17490
1740487310.043466,3187035.000,54784,2,PG,1,100,17500
1740487310.083467,3187075.000,54784,2,PG,1,100,17497
1740487310.123469,3187115.000,54800,3,PG,1,100,17510
1740487310.163471,3187155.000,54800,3,PG,1,100,17498
1740487310.203472,3187195.000,54800,3,PG,1,100,17505
1740487310.243474,3187235.000,54816,3,PG,1,100,17522
1740487310.283476,3187275.000,54816,3,PG,1,100,17526
1740487310.323477,3187315.000,54816,3,PG,1,100,17508
1740487310.363479,3187355.000,54832,2,PG,1,100,17520
1740487310.403480,3187395.000,54832,2,PG,1,100,17488
1740487310.443482,3187435.000,54850,3,PG,1,100,17388
1740487310.483484,3187475.000,54850,3,PG,1,100,17396
1740487310.523485,3187515.000,54850,3,PG,1,100,17421
1740487310.563487,3187555.000,54866,2,PG,1,100,17430
1740487310.603489,3187595.000,54866,2,PG,1,100,17442
1740487310.643490,3187635.000,54883,3,PG,1,100,17457
1740487310.683492,3187675.000,54883,3,PG,1,100,17464
1740487310.723494,3187715.000,54883,3,PG,1,100,17441
1740487310.763495,3187755.000,54900,2,PG,1,100,17457
1740487310.803497,3187795.000,54900,2,PG,1,100,17457
1740487310.843498,3187835.000,54917,3,PG,1,100,17473
1740487310.883500,3187875.000,54917,3,PG,1,100,17492
1740487310.923502,3187915.000,54917,3,PG,1,100,17491
1740487310.970004,3187961.500,54933,2,PG,1,100,17502
1740487311.016506,3188008.000,54933,2,PG,1,100,17491
